{
  "project_info": {
    "project_number": "740863817848",
    "firebase_url": "https://bitcoin-ticker-8056d.firebaseio.com",
    "project_id": "bitcoin-ticker-8056d",
    "storage_bucket": "bitcoin-ticker-8056d.appspot.com"
  },
  "client": [
    {
      "client_info": {
        "mobilesdk_app_id": "1:740863817848:android:cc92b5ac08aabb0a91158d",
        "android_client_info": {
          "package_name": "com.caneryilmazapps.bitcointicker"
        }
      },
      "oauth_client": [
        {
          "client_id": "740863817848-gvfb7ksu60nhsil4j8f8hi7p4fuiki44.apps.googleusercontent.com",
          "client_type": 1,
          "android_info": {
            "package_name": "com.caneryilmazapps.bitcointicker",
            "certificate_hash": "e31ba41bc08f0af82527d62ab8679e0122b0bcb6"
          }
        },
        {
          "client_id": "740863817848-56cgjevccarq1o9dt2rommrdjp65g1hm.apps.googleusercontent.com",
          "client_type": 3
        }
      ],
      "api_key": [
        {
          "current_key": "AIzaSyBA4S55fv7EUtHhJK9iJVXKV9dBqTphDco"
        }
      ],
      "services": {
        "appinvite_service": {
          "other_platform_oauth_client": [
            {
              "client_id": "740863817848-56cgjevccarq1o9dt2rommrdjp65g1hm.apps.googleusercontent.com",
              "client_type": 3
            }
          ]
        }
      }
    }
  ],
  "configuration_version": "1"
}